{
  "SIU": 45.63326,
  "T": 44.94886,
  "UFG": 44.779457,
  "NQ": 43.41837,
  "IA": 41.904686,
  "S": 40.277603,
  "RV": 39.77317,
  "V": 39.492413,
  "ALT": 39.450134,
  "LA": 39.39263,
  "EL": 39.19934,
  "SF": 38.652637,
  "KF": 38.54477,
  "DF": 37.639122,
  "JF": 37.50085
}
