{
  "Hans Christian Thoning": 55.225822,
  "Rigmor Dam": 54.24383,
  "Lene Foged": 49.26419,
  "Steen Holm Iversen": 49.190163,
  "Kirsten Brosbøl": 48.43361,
  "Marianne Bredal": 48.339855,
  "Ellen Trane Nørby": 48.06004,
  "Tina Boel": 47.538628,
  "Jakob Sølvhøj": 46.76579,
  "Martin Geertsen": 45.791695,
  "Karen Ellemann": 45.78619,
  "Carsten Bach": 45.770615,
  "Thomas Jensen": 45.49458,
  "Emrah Tuncer": 45.222057,
  "Christian Rabjerg Madsen": 45.178856,
  "Ulla Tørnæs": 45.174004,
  "Magni Arge": 45.17004,
  "Tilde Bork": 45.076366,
  "Carl Valentin": 45.01525,
  "Aleqa Hammond": 44.686817,
  "Torsten Schack Pedersen": 44.60777,
  "Nikolaj Amstrup": 44.535233,
  "Erik Christensen": 44.52379,
  "Trine Bramsen": 44.433846,
  "Anders Stjernholm": 44.42993,
  "Dorthe Ullemose": 44.427708,
  "Orla Hav": 44.29102,
  "Esben Lunde Larsen": 44.19446,
  "Jørn Neergaard Larsen": 44.180294,
  "Sophie Løhde": 44.153236,
  "Danny K. Malkowski": 44.13581,
  " ": 43.957985,
  "Jan Rytkjær Callesen": 43.93173,
  "Mogens Jensen": 43.78686,
  "Søren Pind": 43.77652,
  "Tórbjørn Jacobsen": 43.71152,
  "Simon Kollerup": 43.613197,
  "Mikkel Dencker": 43.596806,
  "Daniel Toft Jakobsen": 43.554317,
  "Troels Ravn": 43.429394,
  "Kirsten Normann Andersen": 43.38777,
  "Peter Christensen": 43.336224,
  "Mai Mercado": 43.25509,
  "Merete Scheelsbeck": 43.199856,
  "Trine Torp": 43.138916,
  "Klaus Markussen": 43.122578,
  "Nick Hækkerup": 43.04352,
  "Johannes Lebech": 43.014717,
  "Peder Hvelplund": 42.94237,
  "Mette Reissmann": 42.791336,
  "Marlene Borst Hansen": 42.698242,
  "Flemming Møller Mortensen": 42.654346,
  "Brigitte Klintskov Jerkel": 42.649254,
  "Anders Samuelsen": 42.617523,
  "Peter Hummelgaard Thomsen": 42.5824,
  "Rasmus Vestergaard Madsen": 42.495316,
  "Peter Juel Jensen": 42.37422,
  "Claus Kvist Hansen": 42.322765,
  "Eva Kjer Hansen": 42.275894,
  "Christina Egelund": 42.08811,
  "Malte Larsen": 42.082287,
  "Nikolaj Villumsen": 41.982082,
  "Martin Lidegaard": 41.969654,
  "Aaja Chemnitz Larsen": 41.904686,
  "Sanne Bjørn": 41.87307,
  "Simon Emil Ammitzbøll-Bille": 41.84262,
  "Henrik Dahl": 41.823456,
  "Inger Støjberg": 41.803688,
  "Morten Bødskov": 41.775692,
  "Lars Christian Lilleholt": 41.715378,
  "Jane Heitmann": 41.715027,
  "Karsten Lauritzen": 41.705727,
  "Anne Paulin": 41.69051,
  "Bjarni Hammer": 41.628742,
  "Karin Gaardsted": 41.489445,
  "Peter Juel-Jensen": 41.460533,
  "Karina Adsbøl": 41.396652,
  "Brian Mikkelsen": 41.343613,
  "Mattias Tesfaye": 41.32282,
  "Troels Lund Poulsen": 41.232155,
  "Henrik Sass Larsen": 41.159443,
  "Malou Lunderød": 41.12132,
  "Jan Erik Messmann": 41.10458,
  "Carl Holst": 41.08498,
  "Christine Antorini": 41.075787,
  "Thomas Danielsen": 41.06112,
  "Jesper Petersen": 41.056225,
  "Anders Johansson": 41.027626,
  "Josephine Fock": 41.027203,
  "Julie Skovsby": 41.015457,
  "Mads Fuglede": 40.997902,
  "Claus Hjort Frederiksen": 40.981834,
  "Roger Matthisen": 40.96526,
  "Laura Lindahl": 40.934395,
  "Jeppe Bruus": 40.8896,
  "Maria Reumert Gjerding": 40.88315,
  "Martin Henriksen": 40.82763,
  "Henning Hyllested": 40.772152,
  "Øjvind Vilsholm": 40.758762,
  "Jens Joel": 40.757107,
  "Susanne Eilersen": 40.695152,
  "Ole Birk Olesen": 40.649822,
  "Kristian Hegaard": 40.635605,
  "Astrid Krag": 40.63484,
  "Jonas Dahl": 40.61615,
  "Merete Riisager": 40.606697,
  "Kristian Jensen": 40.60636,
  "Jakob Engel-Schmidt": 40.569317,
  "Rune Lund": 40.55873,
  "Rosa Lund": 40.440826,
  "Julius Graakjær Grantzau": 40.395714,
  "Preben Bang Henriksen": 40.322727,
  "Ulla Sandbæk": 40.311855,
  "Bertel Haarder": 40.23748,
  "Roger Courage Matthisen": 40.236496,
  "Kaare Dybvad": 40.23187,
  "Carsten Kissmeyer": 40.20822,
  "Jeppe Jakobsen": 40.195263,
  "Merete Dea Larsen": 40.178825,
  "Rasmus Jarlov": 40.16109,
  "Marcus Knuth": 40.130215,
  "Lars Aslan Rasmussen": 40.000546,
  "Torsten Gejl": 39.954235,
  "Lea Wermelin": 39.947357,
  "Per Nørhave": 39.938095,
  "Morten Østergaard": 39.92304,
  "Yildiz Akdogan": 39.900818,
  "Rasmus Nordqvist": 39.884804,
  "Serdal Benli": 39.84498,
  "Søren Pape Poulsen": 39.80567,
  "Anne Marie Geisler Andersen": 39.7991,
  "Hans Christian Schmidt": 39.783077,
  "May-Britt Kattrup": 39.75369,
  "Peter Kofod Poulsen": 39.704975,
  "Lennart Damsbo-Andersen": 39.690327,
  "Marianne Jelved": 39.600723,
  "Bruno Jerup": 39.577747,
  "Karin Nødgaard": 39.536213,
  "Hans Kristian Skibby": 39.50944,
  "Erik Lund": 39.508625,
  "Hans Andersen": 39.50367,
  "Søren Egge Rasmussen": 39.48997,
  "Jens Henrik Thulesen Dahl": 39.48574,
  "René Gade": 39.475197,
  "Karsten Hønge": 39.44956,
  "Sofie Carsten Nielsen": 39.411453,
  "Rasmus Prehn": 39.409924,
  "Britt Bager": 39.398994,
  "Eva Flyvholm": 39.342155,
  "Thyra Frank": 39.26935,
  "Simon Emil Ammitzbøll": 39.218727,
  "Kasper Roug": 39.0932,
  "Anni Matthiesen": 38.963024,
  "Marie Krarup": 38.955475,
  "Pelle Dragsted": 38.940536,
  "Louise Schack Elholm": 38.924664,
  "Andreas Steenberg": 38.909306,
  "Sarah Glerup": 38.908222,
  "Magnus Heunicke": 38.905865,
  "Pernille Rosenkrantz-Theil": 38.891174,
  "Zenia Stampe": 38.876488,
  "Rasmus Horn Langhoff": 38.8487,
  "Lise Bech": 38.836033,
  "Michael Aastrup Jensen": 38.83298,
  "Finn Sørensen": 38.83162,
  "Carsten Kudsk": 38.814335,
  "Nicolai Wammen": 38.748146,
  "Naser Khader": 38.72676,
  "Lotte Rod": 38.72263,
  "Rasmus Helveg Petersen": 38.692112,
  "Per Husted": 38.6915,
  "Peter Skaarup": 38.595978,
  "Mette Frederiksen": 38.585655,
  "Kenneth Kristensen Berth": 38.58479,
  "Maja Panduro": 38.560585,
  "Pernille Skipper": 38.52285,
  "Lars Løkke Rasmussen": 38.48712,
  "Carolina Magdalene Maier": 38.47641,
  "Jan E. Jørgensen": 38.27844,
  "Ida Auken": 38.23139,
  "Pernille Schnoor": 38.145782,
  "Villum Christensen": 38.133266,
  "Dan Jørgensen": 38.05273,
  "Orla Østerby": 38.01824,
  "Johanne Schmidt-Nielsen": 37.935013,
  "Morten Løkkegaard": 37.89409,
  "Uffe Elbæk": 37.892467,
  "Christian Poll": 37.804585,
  "Claus Larsen-Jensen": 37.773937,
  "Henrik Brodersen": 37.740032,
  "Morten Marinus": 37.701504,
  "Mette Abildgaard": 37.67893,
  "Holger K. Nielsen": 37.65288,
  "Annette Lind": 37.643677,
  "Jette Gottlieb": 37.559917,
  "Søren Søndergaard": 37.414616,
  "Lisbeth Bech Poulsen": 37.410984,
  "Peter Kofod": 37.348175,
  "Sjúrður Skaale": 37.346607,
  "Kristian Thulesen Dahl": 37.329952,
  "Dennis Flydtkjær": 37.23144,
  "Jan Johansen": 37.19164,
  "Jakob Ellemann-Jensen": 37.178833,
  "Ane Halsboe-Jørgensen": 37.173313,
  "Bjarne Laustsen": 37.102314,
  "Ib Poulsen": 37.051926,
  "Jacob Jensen": 36.939606,
  "Søren Gade": 36.833656,
  "Karina Due": 36.717747,
  "Marlene Harpsøe": 36.692326,
  "Christian Langballe": 36.662228,
  "Mette Gjerskov": 36.616405,
  "Jacob Mark": 36.597076,
  "Stine Brix": 36.44332,
  "Pia Olsen Dyhr": 36.353737,
  "Tommy Ahlers": 36.268753,
  "Liselott Blixt": 36.155857,
  "Pernille Bendixen": 35.945866,
  "Mette Hjermind Dencker": 35.555355,
  "Joachim B. Olsen": 35.509953,
  "Søren Espersen": 35.492275,
  "Alex Ahrendtsen": 35.266792,
  "Sisse Marie Welling": 34.80488,
  "Jesper Kiel": 34.77469,
  "Pia Kjærsgaard": 34.35096,
  "Kristian Pihl Lorentzen": 34.15779,
  "Kim Christiansen": 34.095127,
  "Pia Adelsteen": 33.98255,
  "Leif Lahn Jensen": 33.44151,
  "Helle Osther Friedrichsen": 33.384216,
  "Benny Engelbrecht": 33.277557,
  "Mette Bock": 32.87573,
  "Henrik Dam Kristensen": 32.28832,
  "René Christensen": 32.23027,
  "Karen J. Klint": 31.929941,
  "Erling Bonnesen": 31.274395,
  "Christian Juhl": 30.96174,
  "Helle Thorning-Schmidt": 30.61159,
  "Pause Pause": 30.539589,
  "Leif Mikkelsen": 30.34405,
  "Bent Bøgsted": 29.445707
}
